OldCat,NewCat
Travel and Exploration,The World & Society
Sociology,The World & Society
Politics,The World & Society
Humanity,The World & Society
Altruism,The World & Society
Philanthropy,The World & Society
Field Analysis and Critique,The World & Society
Relationships,Relationships & Communication
Social Interaction,Relationships & Communication
Friendship and Politics,Relationships & Communication
Child Development and Social Interaction,Relationships & Communication
Love and Relationships,Relationships & Communication
Love and Vulnerability,Relationships & Communication
Parenting and Relationships,Relationships & Communication
Child Development and Competition,Relationships & Communication
Love,Relationships & Communication
Love and Loss,Relationships & Communication
Philosophy,Psychology & Sociology
Ethics/History,Psychology & Sociology
Morality,Psychology & Sociology
Ethics,Psychology & Sociology
Religion,Psychology & Sociology
Existential,Psychology & Sociology
Philosophy/Religion,Psychology & Sociology
Psychology/Sociology,Psychology & Sociology
Psychology and Influence,Psychology & Sociology
Motivation,Personal Development
Personal Growth,Personal Development
Personal Development and Motivation,Personal Development
Finance and Psychology,Personal Development
Passion,Personal Development
Self-Help,Personal Development
Personal Development,Personal Development
Passion and Fulfillment,Personal Development
Personal Development and Mental Health,Personal Development
Humor and Personal Development,Personal Development
Work-Life Balance,Life Goals & Purpose
Life Balance,Life Goals & Purpose
Long-Term Perspective,Life Goals & Purpose
Personal Preference,Life Goals & Purpose
Life Goals,Life Goals & Purpose
Inspiration,Life Goals & Purpose
Priorities,Life Goals & Purpose
Values,Life Goals & Purpose
Decision-Making,Life Goals & Purpose
Purpose,Life Goals & Purpose
Career Guidance and Decision Making,Life Goals & Purpose
Goals,Life Goals & Purpose
Success,Life Goals & Purpose
Decision Making,Life Goals & Purpose
Career,Life Goals & Purpose
Future Vision,Life Goals & Purpose
Summary,Life Goals & Purpose
Entertainment,Leisure & Entertainment
Enjoyment,Leisure & Entertainment
Adventure,Leisure & Entertainment
Leisure,Leisure & Entertainment
Essentials,Leisure & Entertainment
Literature,Leisure & Entertainment
Music,Leisure & Entertainment
Education,Learning & Growth
Learning,Learning & Growth
Teaching,Learning & Growth
General Knowledge and Education,Learning & Growth
Education and Creativity,Learning & Growth
Wealth,Health & Well-being
Mindfulness,Health & Well-being
Health,Health & Well-being
Pets,Health & Well-being
Reflection,Health & Well-being
Identity,Health & Well-being
Uniqueness,Health & Well-being
Memories,Health & Well-being
Self-Reflection,Health & Well-being
Self-Appreciation,Health & Well-being
Perfection,Health & Well-being
Emotions,Health & Well-being
Psychology,Health & Well-being
Perception and Understanding,Health & Well-being
Freedom,Health & Well-being
Imagination,Health & Well-being
Legacy,Health & Well-being
Authenticity,Health & Well-being
Regret,Health & Well-being
Action,Health & Well-being
Desire,Health & Well-being
Perspective,Health & Well-being
Regret and Reflection,Health & Well-being
Awareness,Health & Well-being
Gratitude,Health & Well-being
Wisdom,Health & Well-being
Self-Evaluation,Health & Well-being
Curiosity,Health & Well-being
Happiness,Health & Well-being
Peace,Health & Well-being
Appreciation,Health & Well-being
Memory,Health & Well-being
Character,Health & Well-being
Childhood,Health & Well-being
Contentment,Health & Well-being
Dreams,Health & Well-being
Desires,Health & Well-being
Self-Control,Health & Well-being
Psychology and Mindset,Health & Well-being
Creativity,Health & Well-being
Emotional Intelligence and Empathy,Health & Well-being
Personal Experience,Health & Well-being
Age,Health & Well-being
Empathy,Health & Well-being
Networking and Communication,Communication & Technology
Communication and Presentation,Communication & Technology
Public Speaking and Communication,Communication & Technology
Communication,Communication & Technology
Social Media,Communication & Technology
Public Speaking and Feedback,Communication & Technology
Education/Technology,Communication & Technology
Technology and Literature,Communication & Technology
Technology,Communication & Technology
Technology/Sociology,Communication & Technology
Workplace and Remote Work,Communication & Technology
Risk,Challenges & Adversity
Controversy,Challenges & Adversity
Deception,Challenges & Adversity
Resilience,Challenges & Adversity
Fear,Challenges & Adversity
Materialism,Challenges & Adversity
Letting Go,Challenges & Adversity
Mortality,Challenges & Adversity
Psychology and Coping Mechanisms,Challenges & Adversity
Change,Challenges & Adversity
Challenges,Challenges & Adversity
Adversity,Challenges & Adversity
Sacrifice,Challenges & Adversity